frame_length,signal,mac period,occurrences,fingerprint
7.695240387674359,8.327472064153763,0.8065311090666683,1.5333819307703465,9.341916276348442
